{"cameraMode":{"drawMode":0,"name":"Shaded","section":"Shading Mode"},"sceneLighting":true,"audioPlay":false,"sceneViewState":{"m_AlwaysRefresh":false,"showFog":true,"showSkybox":true,"showFlares":true,"showImageEffects":true,"showParticleSystems":true,"showVisualEffectGraphs":true,"m_FxEnabled":true},"in2DMode":false,"pivot":{"x":-0.6100000143051148,"y":2.7082972526550295,"z":-1.8600000143051148},"rotation":{"x":0.2731558680534363,"y":-0.5491306781768799,"z":0.19603757560253144,"w":0.7651336193084717},"size":3.397285223007202,"orthographic":true}